label,data
1,피자 배달
1,햄버거 배달
1,짜장면 배달
1,짬뽕 배달
1,치킨 배달
1,돈까스 배달
1,초밥 배달
1,일식 배달
1,양식 배달
1,스파게티 배달
1,밥 배달
1,보쌈 배달
1,한식 배달
1,프렌차이즈 배달
1,김밥 배달
1,떡볶이 배달
1,족발 배달
1,분식 배달
1,디저트 배달
1,야식 배달
1,한식 배달
1,중식 배달
1,커피 배달
1,삼계탕 배달
1,찌개 배달
1,냉면 배달
1,피자 주문
1,햄버거 주문
1,짜장면 주문
1,짬뽕 주문
1,치킨 주문
1,돈까스 주문
1,초밥 주문
1,일식 주문
1,양식 주문
1,스파게티 주문
1,밥 주문
1,보쌈 주문
1,한식 주문
1,프렌차이즈 주문
1,김밥 주문
1,떡볶이 주문
1,족발 주문
1,분식 주문
1,디저트 주문
1,야식 주문
1,한식 주문
1,중식 주문
1,커피 주문
1,삼계탕 주문
1,찌개 주문
1,냉면 주문
1,피자 시켜줘
1,햄버거 시켜줘
1,짜장면 시켜줘
1,짬뽕 시켜줘
1,치킨 시켜줘
1,돈까스 시켜줘
1,초밥 시켜줘
1,일식 시켜줘
1,양식 시켜줘
1,스파게티 시켜줘
1,밥 시켜줘
1,보쌈 시켜줘
1,한식 시켜줘
1,프렌차이즈 시켜줘
1,김밥 시켜줘
1,떡볶이 시켜줘
1,족발 시켜줘
1,분식 시켜줘
1,디저트 시켜줘
1,야식 시켜줘
1,한식 시켜줘
1,중식 시켜줘
1,커피 시켜줘
1,삼계탕 시켜줘
1,찌개 시켜줘
1,냉면 시켜줘
0,피자 메뉴
0,햄버거 메뉴
0,짜장면 메뉴
0,짬뽕 메뉴
0,치킨 메뉴
0,돈까스 메뉴
0,초밥 메뉴
0,일식 메뉴
0,양식 메뉴
0,스파게티 메뉴
0,밥 메뉴
0,보쌈 메뉴
0,한식 메뉴
0,프렌차이즈 메뉴
0,김밥 메뉴
0,떡볶이 메뉴
0,족발 메뉴
0,분식 메뉴
0,디저트 메뉴
0,야식 메뉴
0,한식 메뉴
0,중식 메뉴
0,커피 메뉴
0,삼계탕 메뉴
0,찌개 메뉴
0,냉면 메뉴
0,피자 추천
0,햄버거 추천
0,짜장면 추천
0,짬뽕 추천
0,치킨 추천
0,돈까스 추천
0,초밥 추천
0,일식 추천
0,양식 추천
0,스파게티 추천
0,밥 추천
0,보쌈 추천
0,한식 추천
0,프렌차이즈 추천
0,김밥 추천
0,떡볶이 추천
0,족발 추천
0,분식 추천
0,디저트 추천
0,야식 추천
0,한식 추천
0,중식 추천
0,커피 추천
0,삼계탕 추천
0,찌개 추천
0,냉면 추천
0,피자 찾아
0,햄버거 찾아
0,짜장면 찾아
0,짬뽕 찾아
0,치킨 찾아
0,돈까스 찾아
0,초밥 찾아
0,일식 찾아
0,양식 찾아
0,스파게티 찾아
0,밥 찾아
0,보쌈 찾아
0,한식 찾아
0,프렌차이즈 찾아
0,김밥 찾아
0,떡볶이 찾아
0,족발 찾아
0,분식 찾아
0,디저트 찾아
0,야식 찾아
0,한식 찾아
0,중식 찾아
0,커피 찾아
0,삼계탕 찾아
0,찌개 찾아
0,냉면 찾아
0,피자 찾아
0,햄버거 찾아
0,짜장면 찾아
0,짬뽕 찾아
0,치킨 찾아
0,돈까스 찾아
0,초밥 찾아
0,일식 찾아
0,양식 찾아
0,스파게티 찾아
0,밥 찾아
0,보쌈 찾아
0,한식 찾아
0,프렌차이즈 찾아
0,김밥 찾아
0,떡볶이 찾아
0,족발 찾아
0,분식 찾아
0,디저트 찾아
0,야식 찾아
0,한식 찾아
0,중식 찾아
0,커피 찾아
0,삼계탕 찾아
0,찌개 찾아
0,냉면 찾아
2,안녕 봇
2,봇 봇
2,야 봇
2,반가워 봇
2,챗봇 봇
2,메추리 봇
2,안녕 안녕
2,봇 안녕
2,야 안녕
2,반가워 안녕
2,챗봇 안녕
2,메추리 안녕
2,안녕 야
2,봇 야
2,반가워 야
2,챗봇 야
2,메추리 야
2,안녕 야
2,봇 야
2,야 야
2,반가워 야
2,챗봇 야
3,오늘 뭐 먹을까
3,오늘 뭐 먹지
3,점심 뭐 먹을까
3,점심 뭐 먹지
3,저녁에 뭐 먹을까
3,저녁에 뭐 먹지
3,아침으로 뭐 먹을까
3,아침으로 뭐 먹지
3,아침에 뭐 뭑지
3,저녁 뭐 먹지
3,저녁 뭐 먹을까
3,내일 점심에 뭐 먹을까
3,내일 점심 뭐 먹지
3,내일 저녁 뭐 먹지
3,내일 저녁에 뭐 먹을까
